,No_Control,ALIANA,Model 1,Model 2,Model 3,Model 4,Model 5
CA-134E #1,2695.3333333333335,6674.666666666667,6298.0,6786.666666666667,6734.0,6470.666666666667,6678.0
CA-134E #2,2136.6666666666665,6456.0,6020.0,6714.0,6528.0,6282.0,6521.333333333333
CA-134E #3,2110.6666666666665,6702.666666666667,6068.666666666667,6871.333333333333,6848.666666666667,6318.666666666667,6600.666666666667
I-5N #1,4773.333333333333,7476.666666666667,7471.333333333333,7506.0,7497.333333333333,7513.333333333333,7492.0
I-5N #2,4140.666666666667,7461.333333333333,7515.333333333333,7618.666666666667,7485.333333333333,7532.0,7479.333333333333
CA-2S #1,3712.0,5416.666666666667,5131.333333333333,5544.0,5373.333333333333,5291.333333333333,5368.0
CA-2S #2,3809.3333333333335,5236.0,4949.333333333333,5382.666666666667,5349.333333333333,5118.0,5134.0
CA-2S #3,4294.666666666667,5716.0,5414.0,5826.0,5833.333333333333,5584.0,5610.666666666667
