,No_Control,ALIANA,PI-ALINEA,FL-ALINEA,Model 1,Model 2,Model 3,Model 4,Model 5
CA-134E #1,35.11552631578948,11.795877192982456,12.547061403508772,10.163508771929825,16.34052631578947,9.684561403508775,8.676491228070173,12.643070175438599,9.661666666666667
CA-134E #2,67.49521929824562,25.266622807017544,27.513070175438596,26.363815789473684,30.957763157894743,24.18298245614035,16.469035087719295,22.09561403508772,17.616491228070174
CA-134E #3,33.180043859649125,20.825219298245614,20.48885964912281,17.870131578947365,16.120043859649126,19.97921052631579,17.590657894736847,17.604649122807018,20.67767543859649
I-5N #1,21.59931578947369,8.312999999999999,8.26436842105263,8.273000000000001,8.29784210526316,8.328842105263158,8.294736842105262,8.329526315789472,8.270526315789477
I-5N #2,30.202763157894736,18.784122807017546,19.221140350877196,19.66122807017544,19.940657894736844,18.583201754385968,21.652763157894736,20.30921052631579,22.767280701754384
CA-2S #1,42.16982456140351,25.625877192982458,27.93258771929825,23.599561403508773,27.257061403508768,25.15464912280702,21.77951754385965,26.943815789473685,26.056578947368422
CA-2S #2,36.13647368421052,31.179578947368423,32.88873684210526,31.137526315789465,32.765421052631574,29.832052631578946,30.231263157894738,31.128157894736844,30.88089473684211
CA-2S #3,14.756684210526313,13.871894736842103,12.612947368421054,13.576105263157896,13.714684210526316,14.417736842105267,13.601894736842107,13.532,13.422894736842105
