,No_Control,ALIANA,Model 1,Model 2,Model 3,Model 4,Model 5
CA-134E #1,41.76792592592593,11.451296296296295,16.53011111111111,10.05711111111111,8.809333333333333,12.201037037037038,11.103370370370369
CA-134E #2,67.8501111111111,24.849666666666664,30.661074074074076,24.556814814814814,17.980851851851853,23.19696296296296,19.85311111111111
CA-134E #3,32.04274074074074,20.412000000000003,16.24925925925926,19.856259259259257,17.33362962962963,17.896814814814814,20.41640740740741
I-5N #1,24.75773333333333,8.296533333333334,8.302711111111112,8.328933333333334,8.3024,8.339822222222221,8.287688888888889
I-5N #2,29.21551851851852,18.857925925925926,20.699037037037037,18.728074074074073,21.43855555555556,20.45744444444444,22.126592592592594
CA-2S #1,42.18492592592592,23.63818518518518,26.651666666666667,25.31574074074074,19.21259259259259,26.758222222222226,27.05166666666667
CA-2S #2,39.83884444444445,30.407999999999998,32.19124444444444,29.583911111111114,29.810577777777777,30.84573333333333,31.081377777777778
CA-2S #3,15.747511111111113,13.7268,13.839244444444443,14.265244444444443,13.800622222222223,13.826622222222227,13.351333333333335
