,CA-134E On-Ramp 1,CA-134E On-Ramp 2,CA-134E On-Ramp 3,I-5N On-Ramp 2,CA-2S On-Ramp 1,CA-2S On-Ramp 2
ALIANA,1761.6381953471548,279.0466625506432,748.7167349755164,346.4226356310249,408.7995369449157,200.0
Proposed Model,1695.5333333333333,573.0648340944355,798.7479073356678,480.72128714538184,521.5111111111111,235.15555555555557
