,CA-134E On-Ramp #1,CA-134E On-Ramp #2,CA-134E On-Ramp #3,I-5N On-Ramp #2,CA-2S On-Ramp #1,CA-2S On-Ramp #2
ALIANA,1754.5715471216306,293.60788986260377,823.7413536316727,342.9017145233001,310.0497885030648,200.0
PI-ALINEA,1527.7021486990184,316.6965472550752,404.78773875907285,348.2165538182275,296.0673903058681,200.0
FL-ALINEA,1715.7894736842106,415.0,1055.2631578947369,709.7368421052631,494.7368421052632,200.0
Proposed Model,1686.0263157894738,524.1820403749894,863.7277850027646,473.88047161953114,478.3421052631579,229.42105263157896
